id,text
1,machine learning models improve when trained on more labeled data
2,neural networks learn layers of representation from input features
3,topic models discover hidden themes in large text collections
4,natural language processing uses tokenization and embeddings
5,graph algorithms traverse nodes and edges in a network structure
6,sports teams compete in leagues with seasonal playoffs every year
7,baseball fans watch pitchers and batters in summer stadiums
8,football games draw crowds to arenas across the country today
9,cooking with fresh herbs and spices creates aromatic dishes
10,baking bread requires careful timing and consistent oven heat
11,markets react to interest rates and employment reports each month
12,investors read quarterly earnings to compare company performance
13,election campaigns debate policies before voters go to the polls
14,local governments plan budgets for schools roads and public safety
15,art museums curate collections from many centuries of painting
16,jazz and classical concerts fill halls on weekend evenings downtown
17,gardening in springtime brings vegetables herbs and fresh flowers
18,public transit connects neighborhoods with bus and light rail service
19,open source communities review patches in pull requests on git hosts
20,software tests catch regressions before release to end users today
21,databases store structured records queried with index optimized plans
22,air travel schedules change when storms delay flights at busy hubs
23,hiking trails wind through mountain forests in national parkland
24,recipes for soup stock simmer bones vegetables and aromatics for hours
25,laboratory experiments record measurements with calibrated instruments
